SalePrice,id
122453.6342871916,1461
150970.30648593884,1462
182298.39907284954,1463
200286.89400245293,1464
195147.07740254933,1465
171556.7394470084,1466
184103.06815486008,1467
161673.41740986277,1468
185344.11115794774,1469
118096.61494803248,1470
198111.8439029792,1471
100204.62910976542,1472
97622.1489482609,1473
146847.11849617749,1474
117909.93720498796,1475
362277.9109552551,1476
251493.01100070594,1477
278772.2550909411,1478
281570.56341168226,1479
510584.66545147053,1480
313363.61514767585,1481
202847.5473839354,1482
171129.15809769358,1483
162635.80080545516,1484
180060.060340972,1485
195502.84520706185,1486
330523.8756260604,1487
237850.17734396682,1488
197021.73155552338,1489
227754.4940255344,1490
191398.02098186183,1491
90429.922242873,1492
175104.41503514294,1493
290861.2026000258,1494
291335.3139646611,1495
228779.78207142666,1496
180918.18850590935,1497
164644.98041100957,1498
156549.55500500614,1499
146712.55744186562,1500
172165.64978278277,1501
150084.34599721193,1502
293383.3559444087,1503
242112.9280481161,1504
226027.1589155895,1505
185094.1255627579,1506
259615.06956340178,1507
200259.04846152844,1508
160375.62669755382,1509
141392.85598494957,1510
149124.7686244935,1511
177251.30226953333,1512
144810.98710519774,1513
158205.71044235863,1514
212189.50032700476,1515
150090.70928669992,1516
165284.82704544076,1517
132021.8081999879,1518
219548.20865359245,1519
128260.36259203011,1520
133525.8784803417,1521
175171.02784785547,1522
109288.49810194787,1523
122296.79756603329,1524
122702.72382065922,1525
106221.55351347206,1526
104324.25633774378,1527
141656.14574295538,1528
151570.2078305969,1529
193199.28997219514,1530
104403.48031671079,1531
102457.91365990989,1532
147520.67292565058,1533
128266.35155685733,1534
151715.18324564514,1535
108145.53347728748,1536
60380.28194806161,1537
144088.22402493592,1538
182669.349555475,1539
86472.44977337473,1540
141269.3619446567,1541
145933.6560776462,1542
189964.7579965249,1543
86567.67352717614,1544
113843.47688042453,1545
133790.29301040515,1546
138284.97282184463,1547
140949.23786502428,1548
122969.88362335919,1549
135456.70076679016,1550
112153.35088388153,1551
133512.1467888106,1552
147209.60182646435,1553
120864.16054414035,1554
157773.88596186222,1555
88188.83200393221,1556
102415.63475066166,1557
98613.97720943484,1558
76052.73564542338,1559
134621.6336945491,1560
123287.19389691109,1561
129901.8531852696,1562
118702.40083960808,1563
157557.30717822,1564
146183.59029911633,1565
230818.53249887816,1566
75058.75341857594,1567
230283.5713667511,1568
120011.27795612998,1569
133823.37514855148,1570
120936.93895107844,1571
142720.5778784337,1572
235260.99776084747,1573
116712.37486771634,1574
226235.8172498034,1575
253377.03491617888,1576
180080.40703327043,1577
142612.21504288242,1578
141381.2611143014,1579
197683.52057978616,1580
150986.9301618263,1581
123017.53345702666,1582
322151.3931816812,1583
221763.97721311307,1584
141476.09509001387,1585
71424.72624461542,1586
97818.5117945985,1587
148454.64512923796,1588
97153.1961677313,1589
136446.22083351846,1590
95170.60383609001,1591
113778.36275500547,1592
124330.3513582503,1593
133933.16594178008,1594
104198.20282338028,1595
226897.41821937155,1596
186868.9714659537,1597
219979.67073534644,1598
172748.71297605772,1599
165671.4157519121,1600
64312.852251521756,1601
110521.80486371108,1602
83581.73086696496,1603
263999.52587534033,1604
241601.15838460225,1605
174440.26551391775,1606
178166.7031280941,1607
202828.6959847136,1608
186739.23719886265,1609
147032.59644592475,1610
130160.53929456614,1611
162290.85220312048,1612
162742.91552399844,1613
116944.48984051526,1614
92212.89470344507,1615
79024.71847619479,1616
96060.70225131867,1617
126517.97765377011,1618
138633.17143602687,1619
160173.08445970193,1620
139359.1136837496,1621
137683.2434039285,1622
267947.8351684342,1623
210017.64199623655,1624
121551.18102479246,1625
166462.51928508433,1626
194417.44442418122,1627
278351.7000872606,1628
182391.08844047808,1629
370772.9536798514,1630
216813.67476503144,1631
236646.10996289473,1632
173058.54051956793,1633
180461.7729229422,1634
173260.71518240022,1635
154699.22970823507,1636
200536.9278075201,1637
177261.92853779506,1638
186938.43213959865,1639
257026.66228277274,1640
182000.01409700193,1641
230538.97662253174,1642
223306.6437957089,1643
231610.9741327992,1644
212908.91962122225,1645
158068.87217705132,1646
161595.2627005023,1647
128665.50273196663,1648
135755.55749423243,1649
111842.99645327359,1650
123415.57385933031,1651
99335.10975934239,1652
102103.8119192004,1653
147050.36517905464,1654
138568.47756107064,1655
137049.80160638268,1656
148223.44035930617,1657
142209.44158099714,1658
128369.0085541117,1659
156647.00662071456,1660
447905.10926920857,1661
428362.883402488,1662
383982.2960154072,1663
533724.0658036175,1664
300026.1513099368,1665
317146.35608166794,1666
387145.9185874182,1667
335729.5970852344,1668
297693.74224815465,1669
353260.1169607976,1670
266939.83346590167,1671
464969.7953373107,1672
289833.6499272229,1673
244221.99055471751,1674
191522.22842069433,1675
182128.96640988195,1676
210933.56804333156,1677
473974.74409081246,1678
375503.12656585267,1679
334829.0615733877,1680
241947.79510639948,1681
294830.52402306336,1682
182314.47695890325,1683
174956.4482593909,1684
171029.6065513866,1685
167034.94262237306,1686
173099.99576473894,1687
191428.9150113284,1688
195103.1707287621,1689
194386.7575978931,1690
181353.56255660587,1691
259390.5703511491,1692
168466.4667829586,1693
182430.023202491,1694
170030.30978242843,1695
281862.61988689506,1696
177094.60228028146,1697
358915.60823846795,1698
307737.59906303475,1699
244488.90676925398,1700
264710.11098870996,1701
244011.49874266086,1702
244653.04670431378,1703
286564.2686448474,1704
226128.96565425108,1705
463885.79220787046,1706
207231.37358583885,1707
200243.29482566175,1708
268744.079936104,1709
215502.94798114113,1710
254692.90221360067,1711
261979.21662592902,1712
283762.56535557227,1713
225360.46536865144,1714
202141.35637584078,1715
190866.93849257575,1716
173828.58231621858,1717
141687.0601754571,1718
199954.68277924237,1719
245095.18556019437,1720
167451.13231731422,1721
126735.21147168792,1722
152303.02942564443,1723
210341.6442153502,1724
236688.91481433078,1725
184299.32703247305,1726
150656.92839878233,1727
171384.45742432505,1728
164067.512772044,1729
160475.05017515115,1730
120369.8546130357,1731
131245.2835313102,1732
116477.23867092506,1733
121898.85261222755,1734
126417.64145400295,1735
111814.41260338627,1736
349188.7304439995,1737
239416.9713476383,1738
275465.7626545788,1739
213284.57866347244,1740
186387.83314147405,1741
171433.1467739351,1742
178178.29046877526,1743
322238.4661860935,1744
207803.46287297114,1745
184595.88458355045,1746
213820.5188624393,1747
228816.88229446916,1748
141596.64272442393,1749
122831.20951103562,1750
250173.89117106944,1751
121282.6914983171,1752
148428.28824123682,1753
199520.2700633195,1754
157381.0417019088,1755
130284.95758747816,1756
122553.0585346719,1757
140579.3933046119,1758
165188.36316294712,1759
160205.50035254634,1760
140343.83028274684,1761
177779.1137104533,1762
172229.95482967712,1763
109717.262051222,1764
177321.9958713255,1765
196173.02438622667,1766
240310.98785518712,1767
139446.90763452457,1768
177565.57550534766,1769
149734.45808986152,1770
122371.4382853334,1771
131639.69875708368,1772
124577.55397719893,1773
145569.1728289237,1774
139738.93361536716,1775
123017.99828847304,1776
108318.30871746017,1777
139000.52701451493,1778
111493.13785959933,1779
176434.67350727977,1780
124565.97559594503,1781
85794.97197624735,1782
134618.6981452734,1783
98771.73816752841,1784
117605.02515229283,1785
140732.2203486941,1786
161245.59359288632,1787
57833.095282148184,1788
94257.45548010782,1789
72768.57956976464,1790
191486.858945968,1791
160161.0108562481,1792
138689.93906495994,1793
153504.3820928486,1794
135318.27391870526,1795
118533.796944989,1796
116351.52201702278,1797
122102.06150178614,1798
109309.57751781303,1799
121082.06252224563,1800
124208.06170258104,1801
136993.33133025395,1802
147841.34003582335,1803
138340.83325491354,1804
137424.00287323218,1805
131724.05834986904,1806
128934.67888627868,1807
118881.83407215675,1808
118060.43118029079,1809
137765.468965733,1810
89766.90524009665,1811
94093.78957190008,1812
122443.09040114954,1813
92710.54513592256,1814
56667.719129077675,1815
100684.07109365016,1816
98100.27498750451,1817
140234.22997930011,1818
124603.02780607692,1819
66278.04912098884,1820
114666.03325821208,1821
151120.18168353965,1822
48563.02371215257,1823
125809.17324823957,1824
128725.12334437265,1825
100579.95114315265,1826
102383.47684945719,1827
139012.54244591563,1828
121400.50831037309,1829
142397.2529956224,1830
151821.3119528534,1831
83062.85049064102,1832
133076.9821387364,1833
121855.15219803112,1834
119924.67728699878,1835
125358.8437707829,1836
88003.12149896444,1837
120065.41970351042,1838
103080.9580507055,1839
131318.51133909333,1840
132779.56505024128,1841
83325.5673513465,1842
126374.15930276318,1843
131434.959127081,1844
135557.26039448765,1845
151841.2406745053,1846
154594.31761731126,1847
55667.49097673149,1848
113588.13358273802,1849
114980.83598819077,1850
156087.2799399008,1851
122185.86495155004,1852
122842.6316967994,1853
169948.99473908567,1854
149202.60996719316,1855
222579.6478680123,1856
151310.5479769747,1857
136638.24865272368,1858
118296.63330359722,1859
142351.9418758191,1860
117841.8247411916,1861
313650.7189869723,1862
299830.00223241746,1863
299847.783747051,1864
330084.1242464187,1865
321761.5112849045,1866
233225.36848679325,1867
295987.68110240053,1868
202306.36598628823,1869
228931.3011721582,1870
232953.4356759985,1871
168563.83809909056,1872
236096.70268213854,1873
150683.91480742837,1874
198111.5153763491,1875
195233.1222348767,1876
214661.7212542818,1877
203991.34979065214,1878
125529.1139600738,1879
134995.15343528287,1880
244334.8397874532,1881
252996.86051865196,1882
187494.76587526058,1883
204468.1549169118,1884
235460.0131215867,1885
284553.030081699,1886
209027.79998967,1887
283847.5583042769,1888
165581.97247367416,1889
120433.68347555834,1890
131985.94734804268,1891
101710.05885528005,1892
130053.0248020753,1893
126304.58456644963,1894
142153.5322560221,1895
126820.75590402237,1896
115730.21071073048,1897
114650.9375272826,1898
159380.5443179287,1899
160611.8268875394,1900
174586.84127259627,1901
154916.0029239726,1902
224288.17677464755,1903
140158.8703356447,1904
195774.9824275319,1905
170671.24427968095,1906
213545.6930575996,1907
119499.89959049405,1908
138960.3597600139,1909
124699.09965188417,1910
219729.57754480615,1911
364454.01277426846,1912
138765.21164075856,1913
69264.21199606793,1914
311290.6635000149,1915
59664.11432925035,1916
261655.87210835813,1917
140522.9861652442,1918
173374.86757080432,1919
146482.36025029092,1920
390806.1365142319,1921
310409.59683146706,1922
234450.7923544194,1923
228303.46836097,1924
195284.76414715723,1925
379674.2761926716,1926
131945.3851921975,1927
153039.92577258658,1928
127344.06175634931,1929
129207.55380250499,1930
141959.41117773327,1931
138396.3552056672,1932
179548.13723508656,1933
187101.43297787855,1934
168599.78915198075,1935
188924.36326887753,1936
179510.27727697935,1937
162409.40376139022,1938
248851.4780982506,1939
189724.144324991,1940
171076.50062320108,1941
176680.21096211643,1942
196897.99300976924,1943
330742.6204155665,1944
374024.0124369905,1945
137066.34608321782,1946
292341.0196556993,1947
163336.01041906298,1948
238925.4256633477,1949
183320.76789998144,1950
252313.43419250305,1951
217458.39005121466,1952
163836.50993008725,1953
187350.2678396694,1954
135325.13542646114,1955
347348.69461647805,1956
150048.6136332116,1957
314486.86814029113,1958
141066.39021149295,1959
111848.16060140134,1960
118365.68107554292,1961
102286.12209814732,1962
111319.65214038965,1963
106639.11656052664,1964
145729.56903664846,1965
137429.80446752667,1966
284652.64193162334,1967
440176.0639124998,1968
378620.5594355508,1969
419081.1109282378,1970
477841.40392042475,1971
382741.9000674962,1972
260282.93982599897,1973
327416.8422007335,1974
543885.2091813071,1975
276156.9186453321,1976
348015.3401704551,1977
335163.4735373701,1978
326169.20350960456,1979
191100.98320624875,1980
347767.0193495694,1981
219221.71800438876,1982
202560.05547160658,1983
169827.16225568013,1984
217946.32542283434,1985
220932.15988230088,1986
183150.9563272183,1987
174273.25545461517,1988
194404.23141013132,1989
211862.22300946797,1990
228919.06850926645,1991
212505.4791585748,1992
168375.86830875376,1993
243441.01565472945,1994
189063.2477109536,1995
245648.11198128667,1996
301896.3536361285,1997
322483.4042885935,1998
256423.6291736901,1999
312215.570161931,2000
258845.39204895627,2001
238825.6257391654,2002
256751.9321040885,2003
282171.60877474863,2004
221615.84071700374,2005
220043.4787681957,2006
248706.14622734208,2007
213857.05711328384,2008
186933.14470087472,2009
194567.60479964328,2010
140706.7317933436,2011
174240.91255487246,2012
176299.99270284697,2013
184232.55782723636,2014
202462.26042646563,2015
185122.80416411033,2016
192339.01213600137,2017
115664.21170778884,2018
134830.7693121475,2019
101107.02177770238,2020
103301.69319501758,2021
179794.57160714632,2022
139934.92069422745,2023
260718.9860258019,2024
339202.0236540274,2025
174321.3220959162,2026
156170.52872280014,2027
155388.9885941149,2028
162953.3696433828,2029
276010.64012416557,2030
231781.07048816275,2031
248936.1287007368,2032
263965.42880973546,2033
168601.35667458916,2034
217308.34080913308,2035
196327.5537228477,2036
203571.2233608437,2037
313915.5119091198,2038
216136.48077294213,2039
269784.850290506,2040
292342.87684243347,2041
205686.8512014662,2042
178042.6292280581,2043
174690.1603161175,2044
221488.00999343506,2045
146322.42382501872,2046
147189.4180269876,2047
139302.9215685294,2048
143462.42177806047,2049
176268.81408212852,2050
106127.35982071228,2051
119074.98669308326,2052
145861.59814295697,2053
90511.19375569288,2054
155234.69037388003,2055
137880.43956748187,2056
113330.62052462787,2057
216265.00707409772,2058
126617.66785344384,2059
172696.67117429918,2060
180740.86480634345,2061
126415.43131607963,2062
110201.16579483145,2063
139451.49782401827,2064
118642.21272074565,2065
155290.04993158343,2066
116016.50220654934,2067
149376.22674540555,2068
83233.04985812325,2069
112499.94766767712,2070
94175.27602191894,2071
128872.17824145065,2072
136891.1913675613,2073
190939.99372589414,2074
142242.60802373526,2075
119873.93600173843,2076
152645.9812337464,2077
125296.91530798693,2078
133911.79625532078,2079
118509.57067919092,2080
129801.38790488352,2081
117844.05050145599,2082
144928.02606424072,2083
110806.7194251694,2084
115001.39271809792,2085
107341.17878709047,2086
123809.98867046132,2087
97355.19209028277,2088
79691.01767079624,2089
127407.10079164515,2090
104755.941403765,2091
124524.46191764671,2092
117236.16086596559,2093
112281.95876163607,2094
145177.39747595967,2095
82330.0332808393,2096
99438.6591672147,2097
151002.8421102079,2098
55406.99210563914,2099
75825.59413976637,2100
110239.84217861645,2101
131721.70831994247,2102
101532.07985891274,2103
139868.66101106364,2104
125548.0055794063,2105
65702.76149412912,2106
194216.38720359636,2107
111847.06600647767,2108
108218.50153779954,2109
128866.67350065576,2110
142799.17349449187,2111
130986.05401704235,2112
124212.82672363207,2113
123557.35869041052,2114
164314.07200998286,2115
120750.42661678036,2116
154519.4044735522,2117
125640.4532049055,2118
116164.19502387382,2119
115088.7729918264,2120
101841.71714409764,2121
115318.98943335158,2122
90097.65936430433,2123
173544.0031436787,2124
128396.20015614045,2125
138260.56981972262,2126
160540.49357107346,2127
130946.06299060915,2128
94528.69488145631,2129
130112.8687184891,2130
147047.19671631328,2131
111754.5368772919,2132
119725.02894574085,2133
113620.82407785872,2134
92110.49015657257,2135
68808.73865649194,2136
103393.83619136826,2137
124505.6349034099,2138
146841.19066542503,2139
139554.37797900653,2140
156917.09691291174,2141
122540.03011588698,2142
144684.2018685906,2143
123401.6277636845,2144
136351.48390552064,2145
163675.07009566855,2146
139422.3516447668,2147
135627.69493036304,2148
157147.43321730252,2149
213834.09498443484,2150
113629.40486665143,2151
172053.16624935754,2152
173883.55119311874,2153
105214.63325816352,2154
146366.66228819487,2155
274243.2336724276,2156
235758.902514235,2157
234343.17539836114,2158
211589.1808379311,2159
183868.8384675004,2160
241188.50173340418,2161
414901.78201072663,2162
341421.11860934563,2163
246204.99529792104,2164
190386.85732876626,2165
158714.68823466095,2166
219644.78421537968,2167
192560.51635475372,2168
195911.87674717867,2169
212806.27397079434,2170
153433.46156249035,2171
129249.86613637627,2172
173389.9919827309,2173
230253.80695190973,2174
320325.7695525794,2175
302532.19714165624,2176
243397.00878640485,2177
212557.77460908936,2178
142334.7951873208,2179
220351.29286617192,2180
186939.74296379794,2181
222111.38867701846,2182
184388.44095965257,2183
122237.99087035454,2184
119681.45988973083,2185
157050.38444998517,2186
154567.3437892858,2187
156465.50879498268,2188
290429.2603043765,2189
79821.71352294582,2190
81017.02431590494,2191
87233.2109281769,2192
113236.95938544782,2193
110574.9694402125,2194
105440.3310751133,2195
94937.52812743821,2196
117725.68208631566,2197
158939.33528032375,2198
169879.68273427404,2199
146680.48991686653,2200
144775.74999378086,2201
211918.39192901072,2202
134878.7841444054,2203
182811.01736545778,2204
116166.80851206173,2205
142238.85341583437,2206
217862.7625032727,2207
262683.0592338146,2208
250574.34456358603,2209
128108.63272046442,2210
114713.10694957082,2211
117661.77490532499,2212
101853.04557645675,2213
136099.6814715549,2214
98335.75609119788,2215
142208.9685057676,2216
61565.61360795783,2217
84793.10881714498,2218
83697.53465679809,2219
83481.6718190416,2220
311402.60105534084,2221
272766.447549699,2222
266708.82331724925,2223
211363.09061236226,2224
114850.07025219235,2225
192507.83141619095,2226
195026.48524641132,2227
248999.65111900828,2228
255120.13450212104,2229
152298.174563945,2230
211012.3599955813,2231
175780.92366656708,2232
174265.8184966115,2233
232773.8016451146,2234
214170.30457192348,2235
266618.9902965616,2236
332117.78212189005,2237
194872.50461674362,2238
115787.04462073298,2239
159515.90583051622,2240
150645.66135616525,2241
128364.65142637682,2242
129432.47821283899,2243
100493.89994394705,2244
97956.20447718409,2245
140493.35421872104,2246
119074.40354917115,2247
128994.5111901176,2248
124390.77184857083,2249
132981.92511513532,2250
100989.81787743144,2251
185153.29014355884,2252
155391.35772317433,2253
182689.83594400145,2254
183392.3760011335,2255
180052.39032145147,2256
212713.8466937092,2257
164262.84870127644,2258
177926.20957268908,2259
155274.87392432214,2260
178028.54315703543,2261
206679.59045027985,2262
356325.404860727,2263
520467.5007301818,2264
170334.70453062188,2265
288850.5927092796,2266
370707.82740282145,2267
417833.5987968057,2268
142815.67193526987,2269
192330.67382082614,2270
215113.7281556649,2271
189176.16709757183,2272
165950.9472962675,2273
175007.12335769812,2274
159396.4482378725,2275
188296.74712473553,2276
183265.38924109426,2277
153444.79804489203,2278
125980.6277705736,2279
118814.36372749395,2280
164107.28180775244,2281
182689.64084378656,2282
110737.73720566706,2283
116189.56981351321,2284
142780.06148316176,2285
123298.16336317368,2286
355109.12296361476,2287
266284.2641464161,2288
382284.5622372392,2289
460507.02274393634,2290
328693.13376931293,2291
430755.5887188505,2292
497100.33726513205,2293
396788.4221281684,2294
498274.95191378763,2295
298998.49118281173,2296
322748.5305321887,2297
314851.3081672373,2298
375928.87460331235,2299
334780.6044086375,2300
291886.0509720075,2301
253212.088782022,2302
241853.3605927792,2303
261501.52143652434,2304
187886.5857673129,2305
181962.8954629698,2306
189693.18771611,2307
215008.83505924893,2308
277262.30941278243,2309
209755.6713414549,2310
202586.70142254164,2311
174549.24020452081,2312
171105.88818890176,2313
179922.23697335366,2314
183692.36301324586,2315
192421.02804234633,2316
184974.1310710611,2317
179195.92543987633,2318
184988.02181706746,2319
192355.58752098653,2320
235393.919440715,2321
184095.57016900936,2322
182163.41894524003,2323
176067.6837490016,2324
214991.9498301805,2325
175492.77395145214,2326
206887.02196730472,2327
228126.4132331698,2328
189445.8101891535,2329
185198.22295313876,2330
347411.18066987756,2331
381653.41818134964,2332
327713.6012185274,2333
246565.3281573273,2334
256584.38333093774,2335
324419.4787077339,2336
208614.7590636958,2337
283263.66898386576,2338
220193.2575578773,2339
416369.4013430462,2340
220129.39321769378,2341
234524.63021334616,2342
227817.68685425157,2343
220785.91820374524,2344
243029.63319746085,2345
212773.93967653054,2346
200828.98668839966,2347
240754.8051810153,2348
173570.28724378176,2349
298079.92023992265,2350
259087.40466892644,2351
251047.64805148428,2352
256852.53541654305,2353
146800.47181501007,2354
151651.96837015188,2355
149555.34154508705,2356
193370.68925284332,2357
192453.47586323056,2358
131882.0267106085,2359
115204.36211370108,2360
146793.5157167407,2361
274484.33273996087,2362
128885.58182879581,2363
155873.29411534398,2364
218820.71574589572,2365
189612.71379480863,2366
220642.13666361364,2367
211640.74609016147,2368
222888.8113740872,2369
164572.05461774563,2370
164564.9092457519,2371
193411.21766123115,2372
279726.09404306347,2373
310567.0764121686,2374
243859.940091892,2375
294052.00758864667,2376
365551.7393013125,2377
137612.94959757334,2378
202159.30659978953,2379
148179.17079929577,2380
168783.98833598613,2381
207524.14509092752,2382
205526.3774454087,2383
249772.98407394192,2384
160649.23093095006,2385
132137.20428571058,2386
132905.97955434723,2387
99539.6126403524,2388
128558.53989757584,2389
137923.7009802425,2390
148708.25815220017,2391
115698.24383255698,2392
171478.77168478852,2393
136652.99410218635,2394
211257.24592913673,2395
139866.09152730508,2396
224171.12488443273,2397
133932.50965351498,2398
63540.51797008807,2399
62720.40391252612,2400
121759.53793961465,2401
130010.79402146686,2402
146515.56175882427,2403
144794.99769856798,2404
155888.77490253444,2405
142444.91012567747,2406
128262.77737733237,2407
145806.7440920893,2408
118680.29864889056,2409
176053.1373768833,2410
113349.13527244356,2411
154987.42300502787,2412
123297.7432052373,2413
150757.1549959759,2414
132856.95849349545,2415
126117.77631518661,2416
131461.0923530808,2417
130769.70574407595,2418
124678.55559451514,2419
121501.70986419373,2420
155422.2855218178,2421
103876.66604343288,2422
106163.70404808955,2423
155659.86250107785,2424
207631.82587960912,2425
130953.90709947565,2426
122962.96635397196,2427
184264.67965543258,2428
111107.53165800117,2429
133486.97122503407,2430
111382.20169914461,2431
144313.9389434624,2432
148107.3089831092,2433
135721.82108837535,2434
151981.0071642929,2435
105013.4202220899,2436
104223.16521800801,2437
120975.00403354231,2438
107365.5348382717,2439
124957.13989897275,2440
97631.48580146435,2441
98514.01260365805,2442
123175.76810374598,2443
126885.93710322896,2444
86490.52652367063,2445
128870.65589292104,2446
175220.3450941473,2447
123947.80732497612,2448
113977.8200069115,2449
144076.41570138827,2450
120498.34230189546,2451
192956.83818503283,2452
92281.7011085987,2453
120155.44727815042,2454
123496.94708474285,2455
134078.1180978336,2456
135154.87343524845,2457
129169.21160512992,2458
111073.13221763936,2459
136727.58633070017,2460
124180.91472345259,2461
136299.37385538738,2462
119983.70342670387,2463
172267.00820172933,2464
140223.27937637267,2465
111202.60773436238,2466
129107.37388736887,2467
78982.42245992964,2468
75550.14445560856,2469
185880.82542219455,2470
216345.4473416376,2471
160062.23205707554,2472
111736.20919140651,2473
72562.13147393134,2474
212515.78884256352,2475
112246.29062566935,2476
121491.58038358437,2477
156357.7873432986,2478
100394.76879819158,2479
148075.93489756063,2480
116582.19847037843,2481
122797.09944740478,2482
110455.53538501501,2483
120638.02389843794,2484
123801.77652661105,2485
144159.00529965776,2486
168652.05546573322,2487
162586.53115163092,2488
153797.50883380277,2489
139178.91492900398,2490
96979.45684171807,2491
194452.91248899352,2492
142995.55911785504,2493
158521.67403848947,2494
88850.99626434043,2495
242843.55808201575,2496
155537.7656238851,2497
111921.14277792894,2498
93385.69811461886,2499
125380.47122473987,2500
132550.6557353565,2501
144644.026958788,2502
94114.85435937431,2503
209817.93890810743,2504
217887.81320562068,2505
257076.85533016358,2506
296093.85931540735,2507
257861.54832271807,2508
211473.5907064014,2509
219857.4920767797,2510
178484.09276757867,2511
201461.5834925831,2512
217816.2947937866,2513
232912.43361541332,2514
149693.4707377042,2515
170322.44778560504,2516
145728.515004426,2517
148358.5489987904,2518
223813.4014972957,2519
215534.689363981,2520
192050.77020081482,2521
223008.67540611225,2522
120827.18583423109,2523
132330.1055368518,2524
150525.02989467332,2525
137244.65082574915,2526
111453.4061500957,2527
129332.60049717044,2528
132880.7589668126,2529
125804.56522687458,2530
255790.8645364876,2531
224639.1560888142,2532
197495.9928656131,2533
224570.29429543143,2534
315739.36687893234,2535
240423.6877935297,2536
231677.3838723284,2537
186834.1949163372,2538
186879.040162229,2539
177745.48311340105,2540
181860.42555535247,2541
162142.67624238724,2542
117066.90351557777,2543
124716.51703772957,2544
127669.38046951457,2545
134574.28812502022,2546
144594.75755656156,2547
155288.73324566317,2548
156434.66570997826,2549
1332115.0294973552,2550
139072.72531196527,2551
131052.64500339338,2552
74822.9377817637,2553
94998.13376765483,2554
118844.380238633,2555
103393.12732628349,2556
106099.88721521017,2557
158583.47741623962,2558
137374.04889817623,2559
150196.4550902691,2560
146129.03926436056,2561
135195.78697962099,2562
150918.03285158446,2563
199421.47068702368,2564
140360.52361443063,2565
148725.72320228847,2566
140652.12389986782,2567
209821.6629434318,2568
227263.80426082073,2569
122913.6721151785,2570
189027.43462920145,2571
157308.78081208147,2572
226524.74476551678,2573
278995.1270724528,2574
129110.79702194476,2575
114664.6149474528,2576
146145.50707206392,2577
87366.37622556352,2578
66864.95136858005,2579
106707.54839386685,2580
121074.0819884244,2581
126322.22994163618,2582
286855.6058418256,2583
171356.308026826,2584
181119.3519157988,2585
231590.666686287,2586
206113.47450147648,2587
145318.23470671574,2588
150162.87212620067,2589
204393.15459190172,2590
208965.57440410205,2591
217706.67162592814,2592
253745.97573331927,2593
184852.74910022688,2594
199204.26192062514,2595
301013.40731469705,2596
177096.97769081313,2597
269957.27229876944,2598
330752.4172409505,2599
165638.28551119415,2600
140756.39828940097,2601
83568.77528038042,2602
91150.88701771779,2603
94233.32902817523,2604
80119.90474643506,2605
143073.31575759035,2606
205701.13809656928,2607
215221.6004261003,2608
176223.5292719138,2609
113975.60932487993,2610
120471.3622860768,2611
159861.50280036725,2612
130247.47902252608,2613
123588.321627817,2614
147501.09017826495,2615
147671.05965869047,2616
189809.535915544,2617
198026.4845378982,2618
199635.15262058805,2619
190404.64009469695,2620
173764.44438531727,2621
182985.9429017324,2622
252892.94583569487,2623
296844.4117750159,2624
311731.8588070394,2625
175895.99228494105,2626
167665.85781092622,2627
473521.4325001465,2628
502786.6314343131,2629
361973.2070378081,2630
501652.8478527221,2631
424280.49729924544,2632
294700.4201338527,2633
416647.9821966599,2634
153905.70113009086,2635
176803.9386169323,2636
166110.8985500787,2637
268809.4445011914,2638
185617.28168127348,2639
154881.29084363062,2640
104040.17492342269,2641
189378.81185907044,2642
109039.46616947335,2643
134003.34567895037,2644
114535.16235850932,2645
99134.77192605672,2646
108743.44930560287,2647
146512.18888998532,2648
148019.1795450147,2649
135716.35551783018,2650
132489.75935278623,2651
424863.0976074413,2652
248641.32161662006,2653
243485.60125617203,2654
397779.6376969183,2655
332151.57678014133,2656
367387.8261820281,2657
305108.04845657584,2658
295103.66228548385,2659
358381.822877491,2660
347501.61601813405,2661
350589.34923935274,2662
301882.3111637017,2663
264251.50339546485,2664
335198.7250816858,2665
277981.01715446886,2666
171955.8601294034,2667
184080.13039859376,2668
177916.46527865375,2669
283531.62227517646,2670
191558.58547430974,2671
190775.71711418036,2672
203560.76593723008,2673
205260.5163900706,2674
168690.72882826184,2675
192984.6052055081,2676
202107.65952551138,2677
256171.8571749749,2678
268826.6603023619,2679
273746.16873938974,2680
410737.5035618173,2681
332388.8055165357,2682
524852.7105855556,2683
298790.53747202165,2684
338586.9955265857,2685
263164.5559456483,2686
330913.41776178277,2687
223080.94237218166,2688
206633.3982835321,2689
467306.1017971419,2690
186372.91104977325,2691
142718.55474216395,2692
199326.31889914794,2693
142619.9831843558,2694
195174.69857699695,2695
188065.90486200774,2696
188717.56558759094,2697
194010.30804205083,2698
168819.21867237738,2699
152082.9304989645,2700
147353.29761676048,2701
106891.97345482661,2702
128596.25406643152,2703
147724.99982140696,2704
117503.49169951968,2705
112846.00503757827,2706
120511.97227614738,2707
134331.67910807254,2708
108575.4067786026,2709
128081.44076448528,2710
318844.2893553318,2711
375484.62165078544,2712
175702.55109779065,2713
151996.08384952752,2714
171062.4475086823,2715
150474.05970760976,2716
193540.34823557615,2717
227265.9109059114,2718
149463.10348985778,2719
171998.62706524145,2720
130354.77696273854,2721
160403.10883093646,2722
139577.16080839082,2723
119010.49725044964,2724
129279.22912362385,2725
153079.57944212697,2726
183630.18095209578,2727
174379.69247963102,2728
148119.78904260442,2729
144222.04181141104,2730
133732.7348340383,2731
131444.2921193451,2732
165949.5653902774,2733
142065.03441104232,2734
128286.96712161406,2735
141596.70364690927,2736
121389.9978569371,2737
138534.15327362623,2738
159149.91459269484,2739
136506.84544031537,2740
139373.61730227276,2741
148895.93949448608,2742
153230.97835083707,2743
162169.4219161637,2744
139696.4833352388,2745
133456.3257575485,2746
140263.57859532174,2747
130234.45919750458,2748
130525.86245433654,2749
126352.54972503513,2750
131258.70339865633,2751
196095.73390976508,2752
149653.38505446236,2753
229431.87423047723,2754
134727.86486951204,2755
96105.82175762125,2756
69952.89249376056,2757
88935.00139038882,2758
154979.98348185443,2759
110492.77829081872,2760
142837.00485118834,2761
146394.95617234393,2762
195547.33122816103,2763
150173.86076787085,2764
288550.53359623265,2765
138802.92712903774,2766
83876.02752965322,2767
131810.68192153086,2768
132349.16686511383,2769
147765.2100497415,2770
111147.90499684862,2771
112083.90342765737,2772
157629.82801171034,2773
138356.9512710168,2774
120448.42525010419,2775
138169.78001389443,2776
140762.80485957814,2777
109831.78217579199,2778
117206.42311066786,2779
95922.65629832081,2780
99419.39038801938,2781
93786.18093302858,2782
94543.89377136782,2783
120978.36437271739,2784
139338.91519676574,2785
67868.10700643435,2786
125112.80657469679,2787
75260.83121463863,2788
179283.61075767482,2789
94708.47102593459,2790
109369.12900724338,2791
64125.70415666045,2792
151785.5779678109,2793
92802.18657317231,2794
122895.67491815478,2795
98265.38191819892,2796
198391.00627407548,2797
103182.98899943988,2798
109760.89740133066,2799
66075.89347987133,2800
107670.99220408306,2801
122078.76776807109,2802
171178.4896580018,2803
132105.849091482,2804
99479.91174706633,2805
86025.9390177019,2806
163019.53005027713,2807
147145.61100141183,2808
133822.41160134837,2809
123982.07492866594,2810
155495.4621764124,2811
165513.37827439437,2812
157011.61023431952,2813
160650.29144314904,2814
102829.87628640095,2815
244431.18239427565,2816
147587.26394649904,2817
131351.29597623946,2818
156499.93549209574,2819
134654.1441600822,2820
114434.40508494899,2821
196624.538758774,2822
359877.66710798535,2823
191211.4339085011,2824
150495.5880809095,2825
132536.55159298814,2826
141035.1385922479,2827
212388.44390633565,2828
210167.19793593136,2829
234584.5702651456,2830
172962.6326301291,2831
257326.0167682411,2832
286785.8984717353,2833
214655.762589499,2834
211106.72604298455,2835
190583.05088489238,2836
152329.28166632375,2837
149770.20379570418,2838
174282.74206717766,2839
206268.63515036146,2840
205570.8588651477,2841
227843.7499145714,2842
149556.72537148383,2843
173126.68782327406,2844
131164.9287460216,2845
209615.35340287018,2846
203387.54247600108,2847
222327.89324568034,2848
200283.01824018717,2849
287899.6198557969,2850
219543.72741265426,2851
245824.6597449587,2852
232230.5679491163,2853
143531.6711402004,2854
202104.66289087894,2855
205214.59422948127,2856
188997.59994154118,2857
209431.4875143007,2858
111667.0179044196,2859
123286.17523133275,2860
119779.38872654793,2861
194751.32181287,2862
129985.49924226916,2863
247729.86874937825,2864
142876.9664520477,2865
158522.14820922608,2866
98830.46154083627,2867
94983.72155806675,2868
106873.31590084425,2869
123547.47320092004,2870
79336.3110179877,2871
53714.88995051376,2872
101284.28119769048,2873
137770.82069500396,2874
112457.22968192658,2875
166907.02910907505,2876
150347.19929216694,2877
167178.39628681954,2878
135710.07168050366,2879
101524.03180322048,2880
155362.0857128336,2881
166030.92965716534,2882
191884.6866711527,2883
202994.60438254237,2884
181920.24191775755,2885
227075.33967194043,2886
91945.76749944524,2887
137345.0800529273,2888
58875.90228180304,2889
77623.86278977923,2890
131202.2564164786,2891
55772.31983528482,2892
87773.30260461546,2893
66640.47313640488,2894
318790.3141114816,2895
281532.35565323895,2896
196680.90941066438,2897
152295.33496703865,2898
208156.76866159434,2899
153568.20661586482,2900
195281.6606078188,2901
186270.9038231739,2902
332404.9865221707,2903
365392.1381891471,2904
81675.84992936088,2905
195777.39188752728,2906
113374.38086819234,2907
129275.17970280381,2908
153811.19652179844,2909
78659.60487324069,2910
86943.69696867414,2911
139960.43013945973,2912
83430.67392178836,2913
80027.20582245095,2914
87650.96995913995,2915
86240.7578545161,2916
165589.2576256086,2917
118107.6787127201,2918
232335.74575604178,2919
